sujet,date,statut
Comment les peintres académiques français du XIXe siècle composaient-ils leurs paysages historiques ?,2025-10-15T06:04:35.071714,succès
Pourquoi les voyageurs lettrés chinois inscrivaient-ils des poèmes sur les peintures de paysage ?,2025-10-17T08:50:19.885021,succès
Comment les nabis utilisaient-ils la couleur pure pour structurer leurs paysages ?,2025-10-21T08:53:08.539928,succès
Les paysages des tapisseries de la Dame à la Licorne sont-ils symboliques ou décoratifs ?,2025-10-24T08:51:19.760861,succès
Pourquoi le bambou sous la neige est-il un motif apprécié dans la peinture coréenne ?,2025-10-28T07:34:34.039412,succès
Comment John Constable révolutionna-t-il l'étude scientifique des nuages en peinture ?,2025-11-04T07:34:38.850494,succès
Quelle fonction religieuse remplissaient les paysages sacrés dans l'art hindou ?,2025-11-11T07:35:13.517612,succès
Les paysages de Pissarro reflétaient-ils son engagement anarchiste ?,2025-11-18T07:13:08.005866,succès
Comment les peintres Yuan utilisaient-ils la calligraphie cursive pour dynamiser leurs paysages ?,2025-11-25T07:14:19.271527,succès
Pourquoi les cascades sont-elles associées à l'énergie vitale dans les paysages taoïstes ?,2025-12-02T07:15:38.439092,succès
Comment les artistes de la cour moghole adaptaient-ils les conventions persanes au paysage indien ?,2025-12-09T07:15:58.923291,succès
Les paysages des grottes de Dunhuang reflétaient-ils des lieux réels de la Route de la Soie ?,2025-12-16T07:16:58.647140,succès
Pourquoi Sisley concentrait-il ses paysages sur les effets de lumière sur l'eau et la neige ?,2025-12-23T07:17:47.931747,succès
"Comment les peintres Joseon représentaient-ils les ""vraies vues"" de sites coréens spécifiques ?",2025-12-30T07:16:27.878449,succès
Les paysages de Paolo Uccello intégraient-ils ses recherches sur la perspective ?,2026-01-06T07:19:04.580418,succès
Comment les voyages en Italie influençaient-ils les paysagistes nordiques de la Renaissance ?,2026-01-13T07:18:32.617351,succès
